M_Raven_Slash_Hit1	0.0520	0.0518	0.0478	0.0498	0.0532	0.0451	0.0498	0.0489	0.0492
M_Raven_SlashChain_Hit1	0.0765	0.0514	0.0689	0.0751	0.0496	0.0665	0.0660	0.0823	0.0649
M_Raven_SlashChain_Hit2	0.1239	0.1259	0.1284	0.1174	0.1415	0.1215	0.1196	0.1196	0.1183
M_Raven_MoveCombo_Hit1	0.0948	0.0873	0.0979	0.0967	0.0870	0.0903	0.0830	0.0823	0.0825
M_Raven_MoveCombo_Hit2	0.0979	0.0805	0.0962	0.0928	0.0858	0.0936	0.0828	0.0869	0.0862
M_Raven_MoveCombo_Hit3	0.1258	0.1167	0.1191	0.1262	0.1189	0.1221	0.1162	0.1234	0.1198
M_Raven_MoveChainCombo_Hit1	0.1251	0.1179	0.1141	0.1299	0.1371	0.1315	0.1212	0.1160	0.1134
M_Raven_MoveChainCombo_Hit2	0.0856	0.0964	0.0902	0.0857	0.0921	0.0988	0.0894	0.0861	0.0866
M_Raven_MoveChainCombo_Hit3	0.1562	0.1431	0.1514	0.1394	0.1413	0.1463	0.1387	0.1400	0.1372
M_Raven_MoveChainCombo_Hit4	0.1206	0.1403	0.1342	0.1061	0.1190	0.1609	0.1241	0.1267	0.1272
M_Raven_MoveChainCombo_Hit5	0.0940	0.0913	0.0935	0.1016	0.1002	0.0902	0.0825	0.0978	0.0975
M_Raven_MoveChainCombo_Hit6	0.0763	0.0666	0.0728	0.0748	0.0829	0.0799	0.0757	0.0699	0.0678
M_Raven_SlashCombo_Hit1	0.1260	0.1190	0.1167	0.1200	0.1247	0.1294
M_Raven_SlashCombo_Hit2	0.1070	0.1130	0.1105	0.1072	0.0969	0.1121
M_Raven_SlashCombo_Hit3	0.1010	0.1069	0.1003	0.1204	0.0991	0.1099
M_Raven_SlashCombo_Hit4	0.0890	0.0854	0.0865	0.0910	0.0868	0.0947
M_Raven_SlashCombo_Hit5	0.0800	0.0544	0.0496	0.0641
M_Raven_ChaseCombo_Hit1	0.0899	0.0897	0.0905	0.0801	0.0882	0.0829	0.0640	0.0832	0.0811
M_Raven_ChaseCombo_Hit2	0.1140	0.1089	0.1080	0.1300	0.1058	0.1034	0.1131	0.0996	0.1032
M_Raven_ChaseCombo_Hit3	0.0776	0.0817	0.0733	0.0797	0.0739	0.0831	0.0768	0.0709	0.0771
M_Raven_ChaseCombo_Hit4	0.0547	0.0493	0.0649	0.0505	0.0551	0.0564	0.0605	0.0546	0.0605
M_Raven_ChaseGrab_Hit1	0.0560	0.0576	0.0556	0.0607	0.0638	0.0705	0.0487	0.0475	0.0498
M_Raven_BetaRapidCombo_Hit1	0.1282	0.1227	0.1129	0.1238	0.1282	0.1182	0.1159
M_Raven_BetaRapidCombo_Hit2	0.0880	0.0875	0.0988	0.0917	0.0978	0.0903	0.0839	0.0861
M_Raven_BetaRapidCombo_Hit3	0.1120	0.1153	0.1088	0.1004	0.1235	0.0921	0.1081	0.1063
M_Raven_BetaRapidCombo_Hit4	0.0530	0.0723	0.0644	0.0730	0.0709	0.0676	0.0769
M_Raven_BetaRapidCombo_Hit5	0.0830	0.0888	0.0804	0.0944	0.0939	0.0971
M_Raven_BetaRapidCombo_Hit6	0.0590
M_Raven_BetaChargeCombo_Hit1	0.0537	0.0498	0.0656	0.0541	0.0591	0.0691	0.0503	0.0564	0.0634
M_Raven_BetaChargeCombo_Hit2	0.0569	0.0556	0.0604	0.0664	0.0553	0.0794	0.0487	0.0502	0.0693
M_Raven_BetaChargeCombo_Hit3	0.0819	0.0471
M_Raven_BetaGrab_Hit1	0.0471	0.0307	0.0356	0.1046
M_Raven_BetaGrabChain_Hit1	0.0448	0.0301	0.0420	0.0425	0.0775	0.0393	0.1109	0.0356	0.0336
M_Raven_BetaCounterGrab_Hit1	0.0468
M_Raven_BurstSpinCombo_Hit1	0.0978	0.0497	0.1097	0.0981	0.1082	0.1053	0.1019	0.0497	0.0973
M_Raven_BurstSpinCombo_Hit2	0.1294	0.0958	0.0882	0.0989	0.1149	0.1166	0.0909	0.0867	0.0845
M_Raven_BurstSpinCombo_Hit3	0.0545	0.0675	0.0829	0.0614	0.0696	0.0789	0.0686	0.0738	0.0731
M_Raven_BurstSpinCombo_Hit4	0.0883	0.1299	0.1161	0.0906	0.0973	0.0893	0.0940	0.0935
M_Raven_BurstSpinCombo_Hit5	0.0719	0.0586	0.0726	0.0707	0.0788	0.0700	0.0809	0.0804
M_Raven_BurstAreaSlash_Hit2	0.0540	0.0522	0.0480	0.0661	0.0665	0.0473	0.0488
M_Raven_ParryCounterCombo_Hit2	0.0787	0.0767	0.0734	0.0763	0.0710	0.0779	0.0711	0.0673	0.0660
M_Raven_ParryCounterCombo_Hit3	0.0824	0.0820	0.0969	0.0729	0.0885	0.0844	0.0831	0.0876	0.0864
M_Raven_ParryCounterCombo_Hit4	0.1263	0.1052	0.1000	0.0978	0.1201	0.1070	0.1140	0.1081	0.1065
M_Raven_EvadeBackRush_Hit1	0.1030	0.1066	0.1068	0.1039	0.1090	0.1047	0.1134	0.1078	0.1108
M_Raven_EvadeBackRush_Hit2	0.0921	0.0922	0.0898	0.0838	0.0863	0.0797	0.0899	0.0837	0.0972
M_Raven_ParryCounterSlash_Hit2	0.0581	0.0491	0.0510
M_Scarlet_PhaseChange1_Attack1_Hit1	0.0650	0.0654	0.0658	0.0655
M_Scarlet_PhaseChange1_Attack2_Hit1	0.1317	0.1324	0.1325	0.1323
M_Scarlet_PhaseChange1_Attack2_Hit2	0.0872	0.0878	0.0861	0.0860
M_Scarlet_PhaseChange1_Attack3_Hit1	0.0651	0.0652	0.0658	0.0657
M_Scarlet_PhaseChange1_Attack3_Hit2	0.0688	0.0695	0.0694	0.0693
M_Scarlet_PhaseChange1_Attack3_Hit3	0.1223	0.1230	0.1231	0.1229
M_Scarlet_PhaseChange1_Attack4_Hit1	0.0984	0.0990	0.0992	0.0990
M_Scarlet_PhaseChange1_Attack4_Hit2	0.0688	0.0694	0.0694	0.0694
M_Scarlet_PhaseChange1_Attack4_Hit3	0.0687	0.0730	0.0731	0.0729
M_Scarlet_PhaseChange1_Attack4_Hit4	0.1056	0.1100	0.1099	0.1098
M_Scarlet_MoveBackAttack_Hit1	0.0477	0.0498	0.0481	0.0487	0.0499	0.0990
M_Scarlet_ParryRangeShot_Hit4	0.0576	0.0560	0.0566
M_Scarlet_ParryRangeDash_Hit1	0.0562	0.0732	0.0549	0.0731	0.0724	0.0723
M_Scarlet_GroggyCounter_Hit1	0.0969
M_Scarlet_GroggyCounter_Hit2	0.0794	0.0689
M_Scarlet_GroggyCounter_Hit3	0.0831	0.0966	0.0893
M_Scarlet_GroggyCounter_Hit4	0.0830	0.0837	0.0930
M_Scarlet_GroggyCounter_Hit5	0.0562	0.0734	0.0828
M_Scarlet_ParryMeleeCounter_Hit5	0.0482
M_Scarlet_ParryMeleeCounter_Hit6	0.0986
M_Scarlet_ParryMeleeCounter_Hit7	0.0657
M_Scarlet_ParryMeleeCounter_Hit8	0.0693
M_Scarlet_ParryMeleeCounter_Hit9	0.0530
M_Scarlet_CounterMoveAttack2_Hit1	0.1073
M_Scarlet_KickStamp_Hit1	0.0816	0.0812	0.1154	0.0831	0.0832	0.0825
M_Scarlet_AirDashCut_Hit1	0.0646	0.0832	0.0817	0.0811	0.0823	0.0831	0.0824
M_Scarlet_AirDashCut_Hit2	0.1205	0.1018	0.1005	0.0985	0.0993	0.1000	0.0993
M_Scarlet_AirDashCut_Hit3	0.1580	0.1555	0.1707	0.1519	0.1528	0.1538	0.1531
M_Scarlet_AirDashSpaceCut_Hit1	0.0816	0.0822	0.0825
M_Scarlet_AirDashSpaceCut_Hit5	0.1613	0.1621	0.1604
M_Scarlet_JumpStampSlash_Hit1	0.1163
M_Scarlet_JumpStampSlash_Hit2	0.0816	0.0701
M_Scarlet_JumpStampSlash_Hit5	0.0522	0.0547	0.0598
M_Scarlet_SwingApproach_Hit1	0.0646	0.0665	0.0481	0.0649	0.0649	0.0657	0.0636
M_Scarlet_SwingApproach_Hit2	0.0848	0.0868	0.0998	0.0981	0.0982	0.0853	0.0853	0.0861	0.0869
M_Scarlet_SwingApproach_Hit3	0.0886	0.0899	0.0888	0.0851	0.0852	0.0888	0.0889	0.0912	0.0903
M_Scarlet_SwingApproach_Hit4	0.0757	0.0774	0.0718	0.0721	0.0687	0.0760	0.0760	0.0783	0.0774
M_Scarlet_SwingCombo_Cast1	0.1146
M_Scarlet_SwingCombo_Hit1	0.0815	0.0824
M_Scarlet_SwingCombo_Hit2	0.0812	0.0852	0.0819	0.0858	0.0830
M_Scarlet_SwingCombo_Hit3	0.1014	0.1056	0.1027	0.1061	0.1036
M_Scarlet_SwingCombo_Hit4	0.0885	0.0926	0.0914	0.0932	0.0904
M_Scarlet_SwingCombo_Hit5	0.0923	0.0960	0.0950	0.0969	0.0941
M_Scarlet_BlinkCut_Hit1	0.0662	0.0498	0.0483	0.0814	0.0488	0.0498	0.0490
M_Scarlet_BackDashSpaceCut_Hit1	0.1046	0.1064	0.1050	0.1056	0.1058	0.1065	0.1058
M_Scarlet_BackDashSpaceCut_Hit2	0.0844	0.0867	0.0852	0.0710	0.0693	0.0868	0.0860
M_Scarlet_SwingFast_Hit1	0.0645	0.0831	0.0827	0.0979	0.0816	0.0832	0.0499	0.0830
M_Scarlet_SwingFast_Hit2	0.0868	0.0867	0.0831	0.0848	0.0870	0.0824	0.0868	0.1832	0.0867
M_Scarlet_SwingFast_Hit3	0.0920	0.0738	0.0868	0.0885	0.0870	0.0876	0.0905	0.0999	0.0737
M_Scarlet_SwingFast_Hit4	0.0994	0.0974	0.0939	0.0953	0.0940	0.0947	0.0975	0.0918	0.0974
M_Scarlet_AreaCombo_Hit2	0.1217	0.1057
M_Scarlet_AreaCombo_Hit3	0.1086	0.1093
M_Scarlet_AreaCombo_Hit4	0.1419
M_Scarlet_AreaCombo_Hit5	0.0889	0.0860
M_Scarlet_AreaCombo_Hit7	0.0953
M_Scarlet_Stinger_Hit1	0.0832	0.0646	0.0814	0.0815	0.0824	0.2157	0.0830	0.0664	0.0824
M_Scarlet_Stinger_Hit2	0.0871	0.0853	0.0868	0.0860	0.0822	0.0885	0.0885	0.0861	0.0823
M_Scarlet_Stinger_Hit3	0.0739	0.0723	0.0739	0.0724	0.0694	0.0754	0.0754	0.0749	0.0695
M_Scarlet_Stinger_Hit4	0.1076	0.1045	0.1092	0.1076	0.1075	0.1030	0.1091	0.1085	0.0994
M_Scarlet_Stinger_Hit5	0.0979	0.0976	0.0828	0.0814	0.0981	0.0767	0.0995	0.0822	0.0746
M_Scarlet_BlinkCombo_Hit1	0.0658
M_Scarlet_BlinkCombo_Hit2	0.0878
M_Scarlet_BlinkCombo_Hit3	0.0747
M_Scarlet_BlinkCombo_Hit4	0.0582
M_Scarlet_BlinkCombo_Hit5	0.0448
M_Scarlet_BlinkCombo_Hit8	0.0986
M_Scarlet_BlinkCombo_Hit9	0.0559
